{"workflow":{"nodes":[{"name":"pindel_filter","cmd":"perl ./divis_pindel_somatic.pl <#SAMPLE_NAME#.pindel.somatic.filter.config>"},{"name":"gen_dbsnp_filter_config","cmd":"perl divis_generate_dbsnp_filter_config.pl #SAMPLE_NAME#.pindel.dbsnp.filter.config #SNPSIFT# #DBSNP_DB# #SAMPLE_NAME#.pindel.somatic.vcf #MODE# #SAMPLE_NAME#.pindel.somatic.dbsnp_pass.vcf  #SAMPLE_NAME#.pindel.somatic.dbsnp_present.vcf"},{"name":"generate_pindel_config","cmd":"python3 ./divis_generate_pindel_config.py #NORMAL_BAM# #TUMOR_BAM# [#SAMPLE_NAME#.pindel.config]"},{"name":"pindel","cmd":"#PINDEL# -f #REF# -i <#SAMPLE_NAME#.pindel.config> #PINDEL_PARAMS# -o #SAMPLE_NAME#"},{"name":"gen_pindel_raw_file","cmd":"chmod +x divis_generate_pindel_filter_input.sh && ./divis_generate_pindel_filter_input.sh"},{"name":"gen_pindel_filter_config","cmd":"python3 ./divis_generate_pindel_filter_config.py ./pindel.out.raw #FILTER_VAF# #FILTER_COV# #FILTER_HOM# #PINDEL2VCF# #REF# #REFNAME# #REFDATE# #SAMPLE_NAME#.pindel.somatic.vcf [#SAMPLE_NAME#.pindel.somatic.filter.config]"},{"name":"pindel_dbsnp_filter","cmd":"perl divis_dbsnp_filter.pl #SAMPLE_NAME#.pindel.dbsnp.filter.config"},{"name":"process_pindel","cmd":"perl divis_process_pindel_vcf.pl <#SAMPLE_NAME#.pindel.somatic.dbsnp_pass.vcf> [#SAMPLE_NAME#.pindel.somatic.dbsnp_pass.final.vcf]"}],"links":[{"from":"Step-gen_dbsnp_filter_config","to":"Step-pindel_dbsnp_filter","frompid":"Step-gen_dbsnp_filter_config","topid":"Step-pindel_dbsnp_filter"},{"from":"Step-pindel","to":"Step-gen_pindel_raw_file","frompid":"Step-pindel","topid":"Step-gen_pindel_raw_file"},{"from":"Step-gen_pindel_filter_config","to":"Step-pindel_filter","frompid":"#SAMPLE_NAME#.pindel.somatic.filter.config","topid":"#SAMPLE_NAME#.pindel.somatic.filter.config"},{"from":"Step-generate_pindel_config","to":"Step-pindel","frompid":"#SAMPLE_NAME#.pindel.config","topid":"#SAMPLE_NAME#.pindel.config"},{"from":"Step-gen_pindel_raw_file","to":"Step-gen_pindel_filter_config","frompid":"Step-gen_pindel_raw_file","topid":"Step-gen_pindel_filter_config"},{"from":"Step-pindel_filter","to":"Step-gen_dbsnp_filter_config","frompid":"Step-pindel_filter","topid":"Step-gen_dbsnp_filter_config"},{"from":"Step-pindel_dbsnp_filter","to":"Step-process_pindel","frompid":"Step-pindel_dbsnp_filter","topid":"Step-process_pindel"}]},"macros":{"SNPSIFT":"","DBSNP_DB":"","MODE":"","NORMAL_BAM":"","TUMOR_BAM":"","PINDEL":"","PINDEL_PARAMS":"","FILTER_VAF":"","FILTER_COV":"","FILTER_HOM":"","PINDEL2VCF":"","REF":"","REFNAME":"","REFDATE":"","SAMPLE_NAME":""}}