{"workflow":{"nodes":[{"name":"vardict_dbsnp_filter","cmd":"perl divis_dbsnp_filter.pl #SAMPLE_NAME#.vardict.dbsnp.filter.config"},{"name":"generate_dbsnp_config","cmd":"perl divis_generate_dbsnp_filter_config.pl #SAMPLE_NAME#.vardict.dbsnp.filter.config #SNPSIFT# #DBSNP_DB# #SAMPLE_NAME#.vardict.somatic_filtered.vcf #MODE# #SAMPLE_NAME#.vardict.somatic_filtered.dbsnp_pass.vcf #SAMPLE_NAME#.varscan.somatic_filtered.dbsnp_present.vcf"},{"name":"vardict_somatic","cmd":"#VARDICT# -G #REF# #VARDICT_PARAMS# -N #TUMOR_NAME# -b \"#TUMOR_BAM#|#NORMAL_BAM#\" #BED_FILE# | #VARDICT_TEST_SOMAITC# | #VARDICT_TO_VCF# -N \"#TUMOR_NAME#|#NORMAL_NAME#\" -f #FREQ# > [#SAMPLE_NAME#.vardict.raw.vcf]"},{"name":"process_vardict","cmd":"perl divis_process_vardict_vcf.pl #SAMPLE_NAME#.vardict.somatic_filtered.dbsnp_pass.vcf #SAMPLE_NAME#.vardict.somatic_filtered.dbsnp_pass.final.vcf"},{"name":"vardict_somatic_filtering","cmd":"perl divis_vardict_somatic_filter.pl <#SAMPLE_NAME#.vardict.raw.vcf> > #SAMPLE_NAME#.vardict.somatic_filtered.vcf"}],"links":[{"from":"Step-generate_dbsnp_config","to":"Step-vardict_dbsnp_filter","frompid":"Step-generate_dbsnp_config","topid":"Step-vardict_dbsnp_filter"},{"from":"Step-vardict_somatic","to":"Step-vardict_somatic_filtering","frompid":"#SAMPLE_NAME#.vardict.raw.vcf","topid":"#SAMPLE_NAME#.vardict.raw.vcf"},{"from":"Step-vardict_somatic_filtering","to":"Step-generate_dbsnp_config","frompid":"Step-vardict_somatic_filtering","topid":"Step-generate_dbsnp_config"},{"from":"Step-vardict_dbsnp_filter","to":"Step-process_vardict","frompid":"Step-vardict_dbsnp_filter","topid":"Step-process_vardict"}]},"macros":{"SNPSIFT":"","DBSNP_DB":"","MODE":"","VARDICT":"","REF":"","VARDICT_PARAMS":"","TUMOR_NAME":"","TUMOR_BAM":"","NORMAL_BAM":"","BED_FILE":"","VARDICT_TEST_SOMAITC":"","VARDICT_TO_VCF":"","NORMAL_NAME":"","FREQ":"","SAMPLE_NAME":""}}
