{
  "workflow": {
    "nodes": [
      {
        "name": "strelka_make",
        "cmd": "cd strelk_out && make -j#THREAD#"
      },
      {
        "name": "gen_config",
        "cmd": "python3 ./gen_strelka_config.py #STRELKA_IS_WES#"
      },
      {
        "name": "strelka_config",
        "cmd": "rm -rf strelk_out && #STRELKA# --normal <#NORMAL_BAM#> --tumor <#TUMOR_BAM#> --ref #REF# --config ./strelka_config_bwa_default.ini --output-dir strelk_out"
      }
    ],
    "links": [
      {
        "from": "Step-strelka_config",
        "to": "Step-strelka_make",
        "frompid": "Step-strelka_config",
        "topid": "Step-strelka_make"
      },
      {
        "from": "Step-gen_config",
        "to": "Step-strelka_config",
        "frompid": "Step-gen_config",
        "topid": "Step-strelka_config"
      }
    ]
  },
  "macros": {
    "THREAD": "",
    "STRELKA": "",
    "NORMAL_BAM": "",
    "TUMOR_BAM": "",
    "REF": "",
    "STRELKA_IS_WES": ""
  }
}