{
  "workflow": {
    "nodes": [
      {
        "name": "mpileup_normal",
        "cmd": "#SAMTOOLS# mpileup #SAMTOOLS_MPILEUP_PARAMS# -f #REF# <#NORMAL_BAM#> -o [#SAMPLE_NAME#.normal.pileup]"
      },
      {
        "name": "mpileup_tumor",
        "cmd": "#SAMTOOLS# mpileup #SAMTOOLS_MPILEUP_PARAMS# -f #REF# <#TUMOR_BAM#> -o [#SAMPLE_NAME#.tumor.pileup]"
      },
      {
        "name": "pos_snp",
        "cmd": "cat #SAMPLE_NAME#.snp.Somatic.hc.vcf | sed '/^#/d' |  awk '{OFS=\"\\t\"; print $1,$2,$2}' > [#SAMPLE_NAME#.snp.vcf.pos]"
      },
      {
        "name": "pos_indel",
        "cmd": "cat #SAMPLE_NAME#.indel.Somatic.hc.vcf | sed '/^#/d' |   awk '{OFS=\"\\t\"; print $1,$2,$4,$5}' > [#SAMPLE_NAME#.indel.vcf.pos.brief] "
      },
      {
        "name": "readcount_snp",
        "cmd": "#BAM_READCOUNT# #BAM_READCOUNT_PARAMS# -l <#SAMPLE_NAME#.snp.vcf.pos> -f #REF# <#TUMOR_BAM#> > [#SAMPLE_NAME#.snp.vcf.rc]"
      },
      {
        "name": "readcount_indel",
        "cmd": "#BAM_READCOUNT# #BAM_READCOUNT_PARAMS# -l <#SAMPLE_NAME#.indel.vcf.pos> -f #REF# <#TUMOR_BAM#> > [#SAMPLE_NAME#.indel.vcf.rc]"
      },
      {
        "name": "process_indel",
        "cmd": "java #VARSCAN_JAVA_OPTS# -jar #VARSCAN# processSomatic <#SAMPLE_NAME#.indel.vcf> #VARSCAN_PROCESS_SOMATIC_INDEL_PARAMS#"
      },
      {
        "name": "process_snp",
        "cmd": "java #VARSCAN_JAVA_OPTS# -jar #VARSCAN# processSomatic <#SAMPLE_NAME#.snp.vcf>  #VARSCAN_PROCESS_SOMATIC_SNP_PARAMS#"
      },
      {
        "name": "varscan_somatic",
        "cmd": "java #VARSCAN_JAVA_OPTS# -jar #VARSCAN# somatic <#SAMPLE_NAME#.normal.pileup> <#SAMPLE_NAME#.tumor.pileup> --output-snp [#SAMPLE_NAME#.snp.vcf] --output-indel [#SAMPLE_NAME#.indel.vcf] #VARSCAN_SOMATIC_PARAMS#"
      },
      {
        "name": "brief",
        "cmd": "perl ./get_indel_pos_info.pl <#SAMPLE_NAME#.indel.vcf.pos.brief> [#SAMPLE_NAME#.indel.vcf.pos]"
      },
      {
        "name": "fpfilter_snp",
        "cmd": "java #VARSCAN_JAVA_OPTS# -jar #VARSCAN# fpfilter <#SAMPLE_NAME#.snp.Somatic.hc.vcf> <#SAMPLE_NAME#.snp.vcf.rc> --output-file [#SAMPLE_NAME#.snp.Somatic.vcf.fpfilter.pass] --filter-file [#SAMPLE_NAME#.snp.Somatic.vcf.fpfilter.fail]  #VARSCAN_FPFILTER_PARAMS#"
      },
      {
        "name": "fpfilter_indel",
        "cmd": "java #VARSCAN_JAVA_OPTS# -jar #VARSCAN# fpfilter <#SAMPLE_NAME#.indel.Somatic.hc.vcf> <#SAMPLE_NAME#.indel.vcf.rc> --output-file [#SAMPLE_NAME#.indel.Somatic.vcf.fpfilter.pass] --filter-file [#SAMPLE_NAME#.indel.Somatic.vcf.fpfilter.fail] #VARSCAN_FPFILTER_PARAMS#"
      }
    ],
    "links": [
      {
        "from": "Step-mpileup_normal",
        "to": "Step-varscan_somatic",
        "frompid": "#SAMPLE_NAME#.normal.pileup",
        "topid": "#SAMPLE_NAME#.normal.pileup"
      },
      {
        "from": "Step-mpileup_tumor",
        "to": "Step-varscan_somatic",
        "frompid": "#SAMPLE_NAME#.tumor.pileup",
        "topid": "#SAMPLE_NAME#.tumor.pileup"
      },
      {
        "from": "Step-varscan_somatic",
        "to": "Step-process_snp",
        "frompid": "#SAMPLE_NAME#.snp.vcf",
        "topid": "#SAMPLE_NAME#.snp.vcf"
      },
      {
        "from": "Step-varscan_somatic",
        "to": "Step-process_indel",
        "frompid": "#SAMPLE_NAME#.indel.vcf",
        "topid": "#SAMPLE_NAME#.indel.vcf"
      },
      {
        "from": "Step-process_snp",
        "to": "Step-pos_snp",
        "frompid": "Step-process_snp",
        "topid": "Step-pos_snp"
      },
      {
        "from": "Step-process_indel",
        "to": "Step-pos_indel",
        "frompid": "Step-process_indel",
        "topid": "Step-pos_indel"
      },
      {
        "from": "Step-pos_indel",
        "to": "Step-brief",
        "frompid": "#SAMPLE_NAME#.indel.vcf.pos.brief",
        "topid": "#SAMPLE_NAME#.indel.vcf.pos.brief"
      },
      {
        "from": "Step-pos_snp",
        "to": "Step-readcount_snp",
        "frompid": "#SAMPLE_NAME#.snp.vcf.pos",
        "topid": "#SAMPLE_NAME#.snp.vcf.pos"
      },
      {
        "from": "Step-brief",
        "to": "Step-readcount_indel",
        "frompid": "#SAMPLE_NAME#.indel.vcf.pos",
        "topid": "#SAMPLE_NAME#.indel.vcf.pos"
      },
      {
        "from": "Step-readcount_snp",
        "to": "Step-fpfilter_snp",
        "frompid": "#SAMPLE_NAME#.snp.vcf.rc",
        "topid": "#SAMPLE_NAME#.snp.vcf.rc"
      },
      {
        "from": "Step-process_snp",
        "to": "Step-fpfilter_snp",
        "frompid": "Step-process_snp",
        "topid": "Step-fpfilter_snp"
      },
      {
        "from": "Step-readcount_indel",
        "to": "Step-fpfilter_indel",
        "frompid": "#SAMPLE_NAME#.indel.vcf.rc",
        "topid": "#SAMPLE_NAME#.indel.vcf.rc"
      },
      {
        "from": "Step-process_indel",
        "to": "Step-fpfilter_indel",
        "frompid": "Step-process_indel",
        "topid": "Step-fpfilter_indel"
      }
    ]
  },
  "macros": {
    "SAMTOOLS": "",
    "REF": "",
    "NORMAL_BAM": "",
    "SAMTOOLS_MPILEUP_PARAMS": "",
    "TUMOR_BAM": "",
    "BAM_READCOUNT": "",
    "BAM_READCOUNT_PARAMS": "",
    "VARSCAN_JAVA_OPTS": "",
    "VARSCAN_PROCESS_SOMATIC_INDEL_PARAMS": "",
    "VARSCAN_PROCESS_SOMATIC_SNP_PARAMS": "",
    "VARSCAN_SOMATIC_PARAMS": "",
    "VARSCAN": "",
    "SAMPLE_NAME": "",
    "VARSCAN_FPFILTER_PARAMS": ""
  }
}