{"workflow":{"nodes":[{"name":"funco_annotation","cmd":"#GATK4# Funcotator --variant <#SAMPLE_NAME#.merged.vcf> --reference #REF# --ref-version #REF_VERSION# --data-sources-path #FUNCO_DATABASE#  --output [#SAMPLE_NAME#.funcotated.maf] --output-file-format MAF --disable-sequence-dictionary-validation"},{"name":"gather_annotation_stat","cmd":"perl divis_gather_annotation_info.pl <#SAMPLE_NAME#.funcotated.maf>"},{"name":"generate_html_report","cmd":"python divis_report.py"},{"name":"merge_vcf_files","cmd":"java -jar #GATK3# -R #REF# -T CombineVariants -o [#SAMPLE_NAME#.merged.vcf] --variant:vssnv ../varscan_somatic/#SAMPLE_NAME#.varscan.som_snv.Somatic.hc.somatic_pass.final.vcf --variant:stsnv ../strelka_somatic/strelka_out/results/#SAMPLE_NAME#.strelka.pass.snvs.dbsnp_pass.fp_pass.final.vcf --variant:vsindel ../varscan_somatic/#SAMPLE_NAME#.varscan.som_indel.Somatic.hc.dbsnp_pass.final.vcf --variant:stindel ../strelka_somatic/strelka_out/results/#SAMPLE_NAME#.strelka.pass.indels.dbsnp_pass.final.vcf --variant:pindel ../pindel_somatic/#SAMPLE_NAME#.pindel.somatic.dbsnp_pass.final.vcf --variant:vardict ../vardict_somatic/#SAMPLE_NAME#.vardict.somatic_filtered.dbsnp_pass.final.vcf -genotypeMergeOptions PRIORITIZE -priority stsnv,vssnv,stindel,vsindel,pindel,vardict"},{"name":"select_vcf","cmd":"perl divis_selected_merged_vcf.pl <#SAMPLE_NAME#.merged.vcf> [#SAMPLE_NAME#.merged.selected.vcf]"},{"name":"gather_mutation_stat","cmd":"perl divis_gather_mutations_of_callers.pl <#SAMPLE_NAME#.merged.selected.vcf>"}],"links":[{"from":"Step-merge_vcf_files","to":"Step-funco_annotation","frompid":"#SAMPLE_NAME#.merged.vcf","topid":"#SAMPLE_NAME#.merged.vcf"},{"from":"Step-funco_annotation","to":"Step-gather_annotation_stat","frompid":"#SAMPLE_NAME#.funcotated.maf","topid":"#SAMPLE_NAME#.funcotated.maf"},{"from":"Step-gather_annotation_stat","to":"Step-generate_html_report","frompid":"Step-gather_annotation_stat","topid":"Step-generate_html_report"},{"from":"Step-merge_vcf_files","to":"Step-select_vcf","frompid":"#SAMPLE_NAME#.merged.vcf","topid":"#SAMPLE_NAME#.merged.vcf"},{"from":"Step-select_vcf","to":"Step-gather_mutation_stat","frompid":"#SAMPLE_NAME#.merged.selected.vcf","topid":"#SAMPLE_NAME#.merged.selected.vcf"},{"from":"Step-gather_mutation_stat","to":"Step-generate_html_report","frompid":"Step-gather_mutation_stat","topid":"Step-generate_html_report"}]},"macros":{"GATK4":"","REF_VERSION":"","FUNCO_DATABASE":"","GATK3":"","REF":"","SAMPLE_NAME":""}}