{"workflow":{"nodes":[{"name":"filter_mutect1","cmd":"perl hexy_filter_mutect1.7.pl #NORMAL_NAME# #TUMOR_NAME# <#SAMPLE_NAME#.mutect1.raw.vcf> [#SAMPLE_NAME#.mutect1.raw.filtered.vcf] #TUMOR_DEPTH# #NORMAL_DEPTH# #TUMOR_AF#"},{"name":"mutect1","cmd":"#JAVA# -jar #MUTECT1_JAVA_OPTION# #MUTECT1# -T MuTect -R #REF# --dbsnp #DBSNP_DATABASE# --cosmic #COSMIC_DATABASE# -I:normal <#NORMAL_BAM#> -I:tumor <#TUMOR_BAM#> --artifact_detection_mode -vcf [#SAMPLE_NAME#.mutect1.raw.vcf]"},{"name":"select_mutect1","cmd":"#JAVA# -jar #MUTECT1_JAVA_OPTION# #MUTECT1# -T SelectVariants -R #REF# -V <#SAMPLE_NAME#.mutect1.raw.filtered.vcf>  -o [#SAMPLE_NAME#.mutect1.raw.filtered.snv.vcf] -selectType SNP -selectType MNP "}],"links":[{"from":"Step-mutect1","to":"Step-filter_mutect1","frompid":"#SAMPLE_NAME#.mutect1.raw.vcf","topid":"#SAMPLE_NAME#.mutect1.raw.vcf"},{"from":"Step-filter_mutect1","to":"Step-select_mutect1","frompid":"#SAMPLE_NAME#.mutect1.raw.filtered.vcf","topid":"#SAMPLE_NAME#.mutect1.raw.filtered.vcf"}]},"macros":{"NORMAL_NAME":"","TUMOR_NAME":"","TUMOR_DEPTH":"","NORMAL_DEPTH":"","TUMOR_AF":"","JAVA":"","MUTECT1_JAVA_OPTION":"","DBSNP_DATABASE":"","COSMIC_DATABASE":"","NORMAL_BAM":"","TUMOR_BAM":"","REF":"","SAMPLE_NAME":""}}
