{"workflow":{"nodes":[{"name":"gen_config","cmd":"python3 ./divis_generate_strelka_config.py --wes #STRELKA_IS_WES#"},{"name":"strelka_config","cmd":"rm -rf strelka_out && #STRELKA# --normal <#NORMAL_BAM#> --tumor <#TUMOR_BAM#> --ref #REF# --config ./strelka_config_bwa_default.ini --output-dir strelka_out"},{"name":"strelka_make","cmd":"cd strelka_out && make -j#THREAD#"},{"name":"divis_gen_snv_dbsnp_filter_config","cmd":"perl divis_generate_dbsnp_filter_config.pl #SAMPLE_NAME#.strelka.snvs.dbsnp_filtter.config #SNPSIFT# #DBSNP_DB# ./strelka_out/results/passed.somatic.snvs.vcf #MODE# ./strelka_out/results/#SAMPLE_NAME#.strelka.pass.snvs.dbsnp_pass.vcf ./strelka_out/results/#SAMPLE_NAME#.strelka.pass.snvs.dbsnp_present.vcf "},{"name":"divis_gen_indel_dbsnp_filter_config","cmd":"perl divis_generate_dbsnp_filter_config.pl #SAMPLE_NAME#.strelka.indels.dbsnp_filter.config #SNPSIFT# #DBSNP_DB# ./strelka_out/results/passed.somatic.indels.vcf #MODE# ./strelka_out/results/#SAMPLE_NAME#.strelka.pass.indels.dbsnp_pass.vcf ./strelka_out/results/#SAMPLE_NAME#.strelka.pass.indels.dbsnp_present.vcf"},{"name":"dbsnp_filter_strelka_indel","cmd":"perl divis_dbsnp_filter.pl #SAMPLE_NAME#.strelka.indels.dbsnp_filter.config"},{"name":"dbsnp_filter_strelka_snv","cmd":"perl divis_dbsnp_filter.pl #SAMPLE_NAME#.strelka.snvs.dbsnp_filtter.config"},{"name":"gen_snv_fpfilter_config","cmd":"perl divis_generate_fpfilter_config.pl #SAMPLE_NAME#.strelka.snvs.fpfilter.config #BAM_READCOUNT# #TUMOR_BAM# ./strelka_out/results/#SAMPLE_NAME#.strelka.pass.snvs.dbsnp_pass.vcf ./strelka_out/results/#SAMPLE_NAME#.strelka.pass.snvs.dbsnp_pass.fp_pass.vcf ./strelka_out/results/#SAMPLE_NAME#.strelka.pass.snvs.dbsnp_pass.fp_fail.vcf ./strelka_out/results/#SAMPLE_NAME#.strelka.pass.snvs.rc.input ./strelka_out/results/#SAMPLE_NAME#.strelka.pass.snvs.rc.output ./strelka_out/results/#SAMPLE_NAME#.strelka.pass.snvs.dbsnp_pass.fp_out.vcf #REF#"},{"name":"snv_fpfilter_strelka","cmd":"perl divis_snv_filter.pl #SAMPLE_NAME#.strelka.snvs.fpfilter.config"},{"name":"process_strelka_snv","cmd":"perl divis_process_strelka_snv_vcf.pl ./strelka_out/results/#SAMPLE_NAME#.strelka.pass.snvs.dbsnp_pass.fp_pass.vcf ./strelka_out/results/[#SAMPLE_NAME#.strelka.pass.snvs.dbsnp_pass.fp_pass.final.vcf]"},{"name":"process_strelka_indel","cmd":"perl divis_process_strelka_indel_vcf.pl ./strelka_out/results/#SAMPLE_NAME#.strelka.pass.indels.dbsnp_pass.vcf ./strelka_out/results/[#SAMPLE_NAME#.strelka.pass.indels.dbsnp_pass.final.vcf]"}],"links":[{"from":"Step-strelka_config","to":"Step-strelka_make","frompid":"Step-strelka_config","topid":"Step-strelka_make"},{"from":"Step-gen_config","to":"Step-strelka_config","frompid":"Step-gen_config","topid":"Step-strelka_config"},{"from":"Step-dbsnp_filter_strelka_snv","to":"Step-gen_snv_fpfilter_config","frompid":"Step-dbsnp_filter_strelka_snv","topid":"Step-gen_snv_fpfilter_config"},{"from":"Step-gen_snv_fpfilter_config","to":"Step-snv_fpfilter_strelka","frompid":"Step-gen_snv_fpfilter_config","topid":"Step-snv_fpfilter_strelka"},{"from":"Step-dbsnp_filter_strelka_indel","to":"Step-process_strelka_indel","frompid":"Step-dbsnp_filter_strelka_indel","topid":"Step-process_strelka_indel"},{"from":"Step-snv_fpfilter_strelka","to":"Step-process_strelka_snv","frompid":"Step-snv_fpfilter_strelka","topid":"Step-process_strelka_snv"},{"from":"Step-strelka_make","to":"Step-divis_gen_snv_dbsnp_filter_config","frompid":"Step-strelka_make","topid":"Step-divis_gen_snv_dbsnp_filter_config"},{"from":"Step-strelka_make","to":"Step-divis_gen_indel_dbsnp_filter_config","frompid":"Step-strelka_make","topid":"Step-divis_gen_indel_dbsnp_filter_config"},{"from":"Step-divis_gen_indel_dbsnp_filter_config","to":"Step-dbsnp_filter_strelka_indel","frompid":"Step-divis_gen_indel_dbsnp_filter_config","topid":"Step-dbsnp_filter_strelka_indel"},{"from":"Step-divis_gen_snv_dbsnp_filter_config","to":"Step-dbsnp_filter_strelka_snv","frompid":"Step-divis_gen_snv_dbsnp_filter_config","topid":"Step-dbsnp_filter_strelka_snv"}]},"macros":{"STRELKA_IS_WES":"","STRELKA":"","NORMAL_BAM":"","THREAD":"","SNPSIFT":"","DBSNP_DB":"","MODE":"","BAM_READCOUNT":"","TUMOR_BAM":"","REF":"","SAMPLE_NAME":""}}