{
  "workflow": {
    "nodes": [
      {
        "name": "fastqc",
        "cmd": "rm -rf #SAMPLE_NAME#.fastqc.dir && mkdir #SAMPLE_NAME#.fastqc.dir && #FASTQC# #FASTQC_PARAMS# -o #SAMPLE_NAME#.fastqc.dir [#R1#] [#R2#] "
      },
      {
        "name": "fastp",
        "cmd": "#FASTP# #FASTP_PARAMS# -i <#R1#> -o [#SAMPLE_NAME#.r1.clean] -I <#R2#> -O [#SAMPLE_NAME#.r2.clean] -j #SAMPLE_NAME#.fastp.json -h #SAMPLE_NAME#.fastp.html"
      }
    ],
    "links": []
  },
  "macros": {
    "FASTQC": "",
    "FASTQC_PARAMS": "",
    "FASTP": "",
    "FASTP_PARAMS": "",
    "R1": "",
    "SAMPLE_NAME": "",
    "R2": ""
  }
}