{
  "workflow": {
    "nodes": [
      {
        "name": "vardict",
        "cmd": "#VARDICT# -G #REF# #VARDICT_PARAMS# -N #TUMOR_BARCODE# -b \"#TUMOR_BAM#|#NORMAL_BAM#\" #BED_FILE# | #TEST_SOMATIC_R# | #VAR2VCF_PAIRED# #VAR2VCF_PARAMS# -N \"#TUMOR_BARCODE#|#NORMAL_BARCODE#\" > [#SAMPLE_NAME#.vardict.raw.vcf]"
      },
      {
        "name": "filter",
        "cmd": "perl ./filter.pl <#SAMPLE_NAME#.vardict.raw.vcf> | java #SNPSIFT_JAVA_OPTS# -jar  #SNPSIFT# filter \"#SNPSIFT_FILTER_STATEMENT#\" > #SAMPLE_NAME#.vardict.vcf"
      }
    ],
    "links": [
      {
        "from": "Step-vardict",
        "to": "Step-filter",
        "frompid": "#SAMPLE_NAME#.vardict.raw.vcf",
        "topid": "#SAMPLE_NAME#.vardict.raw.vcf"
      }
    ]
  },
  "macros": {
    "VARDICT": "",
    "VARDICT_PARAMS": "",
    "NORMAL_BARCODE": "",
    "TUMOR_BAM": "",
    "NORMAL_BAM": "",
    "BED_FILE": "",
    "VAR2VCF_PAIRED": "",
    "VAR2VCF_PARAMS": "",
    "SAMPLE_NAME": "",
    "REF": "",
    "TEST_SOMATIC_R": "",
    "TUMOR_BARCODE": "",
    "SNPSIFT_JAVA_OPTS": "",
    "SNPSIFT": "",
    "SNPSIFT_FILTER_STATEMENT": ""
  }
}