{"workflow":{"nodes":[{"name":"gen_bamlist","cmd":"echo #NORMAL_BAM# >> #SAMPLE_NAME#.bamfilelist.inp && echo #TUMOR_BAM# >> #SAMPLE_NAME#.bamfilelist.inp"},{"name":"samtools_mpileup","cmd":"#SAMTOOLS# mpileup #SAMTOOLS_MPILEUP_PARAMS# -f #REF# -b #SAMPLE_NAME#.bamfilelist.inp | awk -v ncols=9 'NF==ncols' | #JAVA# #JAVA_OPTION_PARAS# -jar #VARSCAN# somatic - ./ #VARSCAN_SOMATIC_PARAMS#  --output-snp #SAMPLE_NAME#.varscan.som_snv --output-indel #SAMPLE_NAME#.varscan.som_indel &>varscan.out.som.log"},{"name":"process_indel","cmd":"#JAVA# #JAVA_OPTION_PARAS# -jar #VARSCAN# processSomatic #SAMPLE_NAME#.varscan.som_indel.vcf #VARSCAN_PROCESS_SOMATIC_INDEL_PARAMS#"},{"name":"varscan_somatic_filter","cmd":"#JAVA# #JAVA_OPTION_PARAS# -jar #VARSCAN# somaticFilter #SAMPLE_NAME#.varscan.som_snv.Somatic.hc.vcf #VARSCAN_SOMATIC_FILTER_PARAMS# --indel-file #SAMPLE_NAME#.varscan.som_indel.vcf --output-file #SAMPLE_NAME#.varscan.som_snv.Somatic.hc.somatic_pass.vcf & >> varscan.out.som.log"},{"name":"process_snv","cmd":"#JAVA# #JAVA_OPTION_PARAS# -jar #VARSCAN# processSomatic #SAMPLE_NAME#.varscan.som_snv.vcf #VARSCAN_PROCESS_SOMATIC_SNP_PARAMS#"},{"name":"varscan_indel_dbsnp_filter","cmd":"perl divis_dbsnp_filter.pl #SAMPLE_NAME#.varscan.indel.dbsnp.filter.config"},{"name":"divis_generate_indel_dbsnp_filter_config","cmd":"perl divis_gen_dbsnp_filter_config.pl #SAMPLE_NAME#.varscan.indel.dbsnp.filter.config #SNPSIFT# #DBSNP_DB# #SAMPLE_NAME#.varscan.som_indel.Somatic.hc.vcf #MODE# #SAMPLE_NAME#.varscan.som_indel.Somatic.hc.dbsnp_pass.vcf #SAMPLE_NAME#.varscan.som_indel.Somatic.hc.dbsnp_present.vcf"},{"name":"generate_snv_dbsnp_filter_config","cmd":"perl divis_gen_dbsnp_filter_config.pl #SAMPLE_NAME#.varscan.snv.dbsnp.filter.config #SNPSIFT# #DBSNP_DB# #SAMPLE_NAME#.varscan.som_snv.Somatic.hc.somatic_pass.vcf #MODE# #SAMPLE_NAME#.varscan.som_snv.Somatic.hc.somatic_pass.dbsnp_pass.vcf #SAMPLE_NAME#.varscan.som_snv.Somatic.hc.somatic_pass.dbsnp_present.vcf"},{"name":"varscan_snv_dbsnp_filter","cmd":"perl divis_dbsnp_filter.pl #SAMPLE_NAME#.varscan.snv.dbsnp.filter.config"},{"name":"process_varscan_indel","cmd":"perl divis_process_varscan_indel_vcf.pl #SAMPLE_NAME#.varscan.som_indel.Somatic.hc.dbsnp_pass.vcf [#SAMPLE_NAME#.varscan.som_indel.Somatic.hc.dbsnp_pass.final.vcf]"},{"name":"process_varscan_snv","cmd":"perl divis_process_varscan_snv_vcf.pl #SAMPLE_NAME#.varscan.som_snv.Somatic.hc.somatic_pass.vcf [#SAMPLE_NAME#.varscan.som_snv.Somatic.hc.somatic_pass.final.vcf]"}],"links":[{"from":"Step-gen_bamlist","to":"Step-samtools_mpileup","frompid":"Step-gen_bamlist","topid":"Step-samtools_mpileup"},{"from":"Step-samtools_mpileup","to":"Step-process_indel","frompid":"Step-samtools_mpileup","topid":"Step-process_indel"},{"from":"Step-samtools_mpileup","to":"Step-process_snv","frompid":"Step-samtools_mpileup","topid":"Step-process_snv"},{"from":"Step-process_snv","to":"Step-varscan_somatic_filter","frompid":"Step-process_snv","topid":"Step-varscan_somatic_filter"},{"from":"Step-varscan_somatic_filter","to":"Step-generate_snv_dbsnp_filter_config","frompid":"Step-varscan_somatic_filter","topid":"Step-generate_snv_dbsnp_filter_config"},{"from":"Step-generate_snv_dbsnp_filter_config","to":"Step-varscan_snv_dbsnp_filter","frompid":"Step-generate_snv_dbsnp_filter_config","topid":"Step-varscan_snv_dbsnp_filter"},{"from":"Step-process_indel","to":"Step-divis_generate_indel_dbsnp_filter_config","frompid":"Step-process_indel","topid":"Step-divis_generate_indel_dbsnp_filter_config"},{"from":"Step-divis_generate_indel_dbsnp_filter_config","to":"Step-varscan_indel_dbsnp_filter","frompid":"Step-divis_generate_indel_dbsnp_filter_config","topid":"Step-varscan_indel_dbsnp_filter"},{"from":"Step-varscan_indel_dbsnp_filter","to":"Step-process_varscan_indel","frompid":"Step-varscan_indel_dbsnp_filter","topid":"Step-process_varscan_indel"},{"from":"Step-varscan_snv_dbsnp_filter","to":"Step-process_varscan_snv","frompid":"Step-varscan_snv_dbsnp_filter","topid":"Step-process_varscan_snv"}]},"macros":{"NORMAL_BAM":"","TUMOR_BAM":"","SAMTOOLS":"","SAMTOOLS_MPILEUP_PARAMS":"","REF":"","VARSCAN_SOMATIC_PARAMS":"","VARSCAN_PROCESS_SOMATIC_INDEL_PARAMS":"","VARSCAN_SOMATIC_FILTER_PARAMS":"","JAVA":"","JAVA_OPTION_PARAS":"","VARSCAN":"","VARSCAN_PROCESS_SOMATIC_SNP_PARAMS":"","SNPSIFT":"","DBSNP_DB":"","MODE":"","SAMPLE_NAME":""}}