{"workflow":{"nodes":[{"name":"merge_vcfs","cmd":"perl hexy_merge_multires.v3.pl #GATK3# #SAMPLE_NAME# #REF# #MUTECT_SNV# #VARSCAN_SNV# #VARSCAN_INDEL# #STRELKA_SNV# #STRELKA_INDEL# #PINDEL# [#SAMPLE_NAME#.merged4.vcf]"},{"name":"vcf_filter","cmd":"perl hexy_vaf_filter_v1.4.pl <#SAMPLE_NAME#.merged4.vcf> [#SAMPLE_NAME#.merged4.filterpass.vcf] [#SAMPLE_NAME#.merged4.filterout.vcf] #SOMATIC_VAF# #TUMOR_DEPTH# #NORMAL_DEPTH# #INDEL_SIZE#"},{"name":"vep_annotate","cmd":"source #HEXY_BASH# && #VEP# --input_file <#SAMPLE_NAME#.merged4.filterpass.vcf> --output_file [#SAMPLE_NAME#.merged4.filterpass.vep.vcf] --force_overwrite --species homo_sapiens --cache --port 3337 --dir #VEP_DB# --vcf --offline"},{"name":"vcf2maf","cmd":"perl #VCF2MAF# --input-vcf #SAMPLE_NAME#.merged4.filterpass.vcf --output-maf [#SAMPLE_NAME#.merged4.filterpass.vep.maf] --species homo_sapiens --ncbi-build GRCh37 --cache-version 97 --retain-fmt DP,AU,CU,GU,TU,AD,RD,FREQ --retain-info set --tumor-id #TUMOR_ID_IN_MAF# --normal-id #NORMAL_ID_IN_MAF# --maf-center CNIC --vcf-tumor-id TUMOR --vcf-normal-id NORMAL --ref-fasta #REF#"}],"links":[{"from":"Step-merge_vcfs","to":"Step-vcf_filter","frompid":"#SAMPLE_NAME#.merged4.vcf","topid":"#SAMPLE_NAME#.merged4.vcf"},{"from":"Step-vcf_filter","to":"Step-vep_annotate","frompid":"#SAMPLE_NAME#.merged4.filterpass.vcf","topid":"#SAMPLE_NAME#.merged4.filterpass.vcf"},{"from":"Step-vep_annotate","to":"Step-vcf2maf","frompid":"Step-vep_annotate","topid":"Step-vcf2maf"}]},"macros":{"GATK3":"","REF":"","MUTECT_SNV":"","VARSCAN_SNV":"","VARSCAN_INDEL":"","STRELKA_SNV":"","STRELKA_INDEL":"","PINDEL":"","SOMATIC_VAF":"","TUMOR_DEPTH":"","NORMAL_DEPTH":"","INDEL_SIZE":"","HEXY_BASH":"","VEP":"","VEP_DB":"","VCF2MAF":"","SAMPLE_NAME":"","TUMOR_ID_IN_MAF":"","NORMAL_ID_IN_MAF":""}}
