{
  "workflow": {
    "nodes": [
      {
        "name": "pindel",
        "cmd": "#PINDEL# -f #REF# -i <#SAMPLE_NAME#.pindel.config> #PINDEL_PARAMS# -o #SAMPLE_NAME#"
      },
      {
        "name": "delete_head",
        "cmd": "grep ChrID #SAMPLE_NAME#_D > [#SAMPLE_NAME#_D.head]"
      },
      {
        "name": "insert_head",
        "cmd": "grep ChrID #SAMPLE_NAME#_SI > [#SAMPLE_NAME#_SI.head]"
      },
      {
        "name": "insert_size_metrics_tumor",
        "cmd": "java #PICARD_JAVA_OPTS# -Djava.io.tmpdir=#TMP# -jar #PICARD# CollectInsertSizeMetrics INPUT=#TUMOR_BAM# OUTPUT=[#SAMPLE_NAME#.tumor.insertsize] HISTOGRAM_FILE=#SAMPLE_NAME#.tumor.insertsize.pdf VALIDATION_STRINGENCY=LENIENT"
      },
      {
        "name": "insert_size_metrics_normal",
        "cmd": "java #PICARD_JAVA_OPTS# -Djava.io.tmpdir=#TMP# -jar #PICARD# CollectInsertSizeMetrics INPUT=#NORMAL_BAM# OUTPUT=[#SAMPLE_NAME#.normal.insertsize] HISTOGRAM_FILE=#SAMPLE_NAME#.normal.insertsize.pdf VALIDATION_STRINGENCY=LENIENT"
      },
      {
        "name": "generate_pindel_config",
        "cmd": "python3 ./generate_pindel_config.py #NORMAL_BAM# #TUMOR_BAM# <#SAMPLE_NAME#.normal.insertsize> <#SAMPLE_NAME#.tumor.insertsize> [#SAMPLE_NAME#.pindel.config]"
      },
      {
        "name": "delete_filter_config",
        "cmd": "python3 ./generate_pindel_filter_config.py <#SAMPLE_NAME#_D.head> #FILTER_VAF# #FILTER_COV# #FILTER_HOM# #PINDEL2VCF# #REF# #REFNAME# #REFDATE# #SAMPLE_NAME#.somatic.delete.vcf [#SAMPLE_NAME#.somatic.D.filter.config]"
      },
      {
        "name": "insert_filter_config",
        "cmd": "python3 ./generate_pindel_filter_config.py <#SAMPLE_NAME#_SI.head> #FILTER_VAF# #FILTER_COV# #FILTER_HOM# #PINDEL2VCF# #REF# #REFNAME# #REFDATE# #SAMPLE_NAME#.somatic.insert.vcf [#SAMPLE_NAME#.somatic.SI.filter.config]"
      },
      {
        "name": "delete_vcf",
        "cmd": "perl ./pindel_somatic.pl <#SAMPLE_NAME#.somatic.D.filter.config>"
      },
      {
        "name": "insert_vcf",
        "cmd": "perl ./pindel_somatic.pl <#SAMPLE_NAME#.somatic.SI.filter.config>"
      }
    ],
    "links": [
      {
        "from": "Step-insert_size_metrics_normal",
        "to": "Step-generate_pindel_config",
        "frompid": "#SAMPLE_NAME#.normal.insertsize",
        "topid": "#SAMPLE_NAME#.normal.insertsize"
      },
      {
        "from": "Step-insert_size_metrics_tumor",
        "to": "Step-generate_pindel_config",
        "frompid": "#SAMPLE_NAME#.tumor.insertsize",
        "topid": "#SAMPLE_NAME#.tumor.insertsize"
      },
      {
        "from": "Step-generate_pindel_config",
        "to": "Step-pindel",
        "frompid": "#SAMPLE_NAME#.pindel.config",
        "topid": "#SAMPLE_NAME#.pindel.config"
      },
      {
        "from": "Step-pindel",
        "to": "Step-delete_head",
        "frompid": "Step-pindel",
        "topid": "Step-delete_head"
      },
      {
        "from": "Step-pindel",
        "to": "Step-insert_head",
        "frompid": "Step-pindel",
        "topid": "Step-insert_head"
      },
      {
        "from": "Step-delete_head",
        "to": "Step-delete_filter_config",
        "frompid": "#SAMPLE_NAME#_D.head",
        "topid": "#SAMPLE_NAME#_D.head"
      },
      {
        "from": "Step-insert_head",
        "to": "Step-insert_filter_config",
        "frompid": "#SAMPLE_NAME#_SI.head",
        "topid": "#SAMPLE_NAME#_SI.head"
      },
      {
        "from": "Step-delete_filter_config",
        "to": "Step-delete_vcf",
        "frompid": "#SAMPLE_NAME#.somatic.D.filter.config",
        "topid": "#SAMPLE_NAME#.somatic.D.filter.config"
      },
      {
        "from": "Step-insert_filter_config",
        "to": "Step-insert_vcf",
        "frompid": "#SAMPLE_NAME#.somatic.SI.filter.config",
        "topid": "#SAMPLE_NAME#.somatic.SI.filter.config"
      }
    ]
  },
  "macros": {
    "PINDEL": "",
    "PINDEL_PARAMS": "",
    "PICARD_JAVA_OPTS": "",
    "TMP": "",
    "PICARD": "",
    "NORMAL_BAM": "",
    "TUMOR_BAM": "",
    "FILTER_VAF": "",
    "FILTER_COV": "",
    "FILTER_HOM": "",
    "PINDEL2VCF": "",
    "REF": "",
    "REFNAME": "",
    "REFDATE": "",
    "SAMPLE_NAME": ""
  }
}